<?xml version="1.0" encoding="UTF-8"?>
<module rename-to="gwtfront">
  <!-- Inherit the core Web Toolkit stuff.                        -->
  <inherits name='com.google.gwt.user.User' />

  <!-- Inherit the default GWT style sheet.  You can change       -->
  <!-- the theme of your GWT application by uncommenting          -->
  <!-- any one of the following lines.                            -->
  <inherits name='com.google.gwt.user.theme.standard.Standard' />
  <inherits name="com.google.gwt.json.JSON" />
  <inherits name="com.google.gwt.logging.Logging"/>

  <!-- <inherits name='com.google.gwt.user.theme.chrome.Chrome'/> -->
  <!-- <inherits name='com.google.gwt.user.theme.dark.Dark'/>     -->

  <!-- Other module inherits                                      -->

  <!-- Specify the app entry point class.                         -->
  <entry-point class='com.igormaznitsa.client.FrontendMain' />

  <!-- Specify the paths for translatable code                    -->
  <source path='client' />

</module>
