<?xml version="1.0" encoding="UTF-8"?>
<component-set>
    <components>
        <component>
            <role>org.apache.maven.lifecycle.mapping.LifecycleMapping</role>
            <role-hint>mvn-golang</role-hint>
            <implementation>org.apache.maven.lifecycle.mapping.DefaultLifecycleMapping</implementation>
            <configuration>
                <lifecycles>
                    <lifecycle>
                        <id>default</id>
                        <phases>
                            <clean>com.igormaznitsa:mvn-golang-wrapper:${project.version}:clean</clean>
                            <validate>com.igormaznitsa:mvn-golang-wrapper:${project.version}:fix</validate>
                            <initialize>com.igormaznitsa:mvn-golang-wrapper:${project.version}:get</initialize>
                            <generate-sources>com.igormaznitsa:mvn-golang-wrapper:${project.version}:generate
                            </generate-sources>
                            <process-sources>com.igormaznitsa:mvn-golang-wrapper:${project.version}:fmt
                            </process-sources>
                            <test>com.igormaznitsa:mvn-golang-wrapper:${project.version}:test</test>
                            <package>com.igormaznitsa:mvn-golang-wrapper:${project.version}:build</package>
                            <install>
                                com.igormaznitsa:mvn-golang-wrapper:${project.version}:mvninstall,org.apache.maven.plugins:maven-install-plugin:install
                            </install>
                            <deploy>
                                com.igormaznitsa:mvn-golang-wrapper:${project.version}:install,org.apache.maven.plugins:maven-deploy-plugin:deploy
                            </deploy>
                        </phases>
                    </lifecycle>
                </lifecycles>
            </configuration>
        </component>
        <component>
            <role>org.apache.maven.artifact.handler.ArtifactHandler</role>
            <role-hint>mvn-golang</role-hint>
            <implementation>com.igormaznitsa.mvngolang.utils.MvnGolangArtifactHandler</implementation>
            <configuration>
                <type>mvn-golang</type>
                <addedToClasspath>false</addedToClasspath>
                <includesDependencies>true</includesDependencies>
            </configuration>
        </component>
    </components>
</component-set>